path	public_url	type	bytes	dimensions	duration_seconds	reference_count	references	duplicate_group_size	attribution	orphan_candidate	intended_destination	deletion_risk	sha256
fonts/geist-mono-400.woff2	/fonts/geist-mono-400.woff2	font	12792			3	src/index.css;public/concepts/property/property.css;public/concepts/studio/studio.css	2		false	Shared design-system font assets	High	6b2e3719a213e34cc043760e5a5b420d4067f477dfe06b92ef3c9fd914192dd4
fonts/instrument-sans-400.woff2	/fonts/instrument-sans-400.woff2	font	16860			3	src/index.css;public/concepts/property/property.css;public/concepts/studio/studio.css	2		false	Shared design-system font assets	High	9a91efaa3599a6ef01b2f49e9ec670e3a2f39baeef09c73198f1052cf3bb0850
fonts/instrument-sans-500.woff2	/fonts/instrument-sans-500.woff2	font	17232			3	src/index.css;public/concepts/property/property.css;public/concepts/studio/studio.css	2		false	Shared design-system font assets	High	9d3547da16d950d12a677c772a3ff9b69846e60e7dcd1b5efd540993f7286532
fonts/instrument-sans-italic-400.woff2	/fonts/instrument-sans-italic-400.woff2	font	17748			1	src/index.css	2		false	Shared design-system font assets	High	b089ac6fca39eb8d49d166db9e33574fb891223cfa5d63b3b3be1668f1cfe28b
fonts/instrument-sans-italic-500.woff2	/fonts/instrument-sans-italic-500.woff2	font	18348			1	src/index.css	2		false	Shared design-system font assets	High	02007805cd77359a5da5c76dda8b8a02e164f5e49d0971a7e17035986b214159
fonts/panchang-600.woff2	/fonts/panchang-600.woff2	font	20324			0		1		true	Shared design-system font assets	Medium—generated, experimental, or dynamically referenced assets require manual review	47b8dc8711f9ad0a3efe413dddf4fdc956bf7da783bdb4b0fdb536c40fea9ece
fonts/panchang-700.woff2	/fonts/panchang-700.woff2	font	20416			0		1		true	Shared design-system font assets	Medium—generated, experimental, or dynamically referenced assets require manual review	0a11d0386e491b46f19ebf2e1badad9a14f083c14bdaac92e95bc64e7164f1dc
img/dioramas/ecommerce_1280.jpg	/img/dioramas/ecommerce_1280.jpg	image	42748	1280x544		0		1		true	Legacy or active homepage media; reference review required	Medium—generated, experimental, or dynamically referenced assets require manual review	e08acb69ebab5ac74b904e393254638481ca1f0d1b00fe75eb4123231d51348f
img/dioramas/ecommerce_2560.jpg	/img/dioramas/ecommerce_2560.jpg	image	122154	2560x1086		0		1		true	Legacy or active homepage media; reference review required	Medium—generated, experimental, or dynamically referenced assets require manual review	ac9ebd27ee1d7dcbc4ba170b3778a16242e52707e317c99e766edb9cedf01de5
img/dioramas/healthcare_1280.jpg	/img/dioramas/healthcare_1280.jpg	image	38482	1280x544		0		1		true	Legacy or active homepage media; reference review required	Medium—generated, experimental, or dynamically referenced assets require manual review	afa2786452593943740282486d59623df9e3d62c0ade24cb3c87e25ae3857cad
img/dioramas/healthcare_2560.jpg	/img/dioramas/healthcare_2560.jpg	image	111371	2560x1086		0		1		true	Legacy or active homepage media; reference review required	Medium—generated, experimental, or dynamically referenced assets require manual review	bb5f53682ade9ab8a2731ed0333d6108d35c3fca28667fe80e1d7e343730e3e3
img/dioramas/hospitality_1280.jpg	/img/dioramas/hospitality_1280.jpg	image	42325	1280x544		0		1		true	Legacy or active homepage media; reference review required	Medium—generated, experimental, or dynamically referenced assets require manual review	95fc78b4ead40cef263d267be98d80b85ea07b92a9130499763790a5aa197fe7
img/dioramas/hospitality_2560.jpg	/img/dioramas/hospitality_2560.jpg	image	124055	2560x1086		0		1		true	Legacy or active homepage media; reference review required	Medium—generated, experimental, or dynamically referenced assets require manual review	e3029033b07d8ec0051cb679f3c1bffde05f3de4a0ae12f9e31ec608291749fa
img/dioramas/law_1280.jpg	/img/dioramas/law_1280.jpg	image	42534	1280x544		0		1		true	Legacy or active homepage media; reference review required	Medium—generated, experimental, or dynamically referenced assets require manual review	60b00ac689ecc29474603f352b6499a92a3006fa026a991991bc14df46d0f5ca
img/dioramas/law_2560.jpg	/img/dioramas/law_2560.jpg	image	126190	2560x1086		0		1		true	Legacy or active homepage media; reference review required	Medium—generated, experimental, or dynamically referenced assets require manual review	8abd3619b620d6b3848cd321c37313bd32503caa4115df697ceb0b69914f42b3
img/dioramas/realestate_1280.jpg	/img/dioramas/realestate_1280.jpg	image	42320	1280x544		0		1		true	Legacy or active homepage media; reference review required	Medium—generated, experimental, or dynamically referenced assets require manual review	45e7e9edbedf76bb576cde5b309476f49009121d1ffa867d96c42235b9fb3236
img/dioramas/realestate_2560.jpg	/img/dioramas/realestate_2560.jpg	image	121312	2560x1086		0		1		true	Legacy or active homepage media; reference review required	Medium—generated, experimental, or dynamically referenced assets require manual review	a378bc0ebdf8451f44dfb8ece69f0c10cf127c224b6391979f58580bbc776cfa
img/dioramas/trades_1280.jpg	/img/dioramas/trades_1280.jpg	image	47762	1280x544		0		1		true	Legacy or active homepage media; reference review required	Medium—generated, experimental, or dynamically referenced assets require manual review	e8ef9cab8cfac4c53cc77492dedb69687e85db8a496486bd71a062509ac93bd1
img/dioramas/trades_2560.jpg	/img/dioramas/trades_2560.jpg	image	137116	2560x1086		0		1		true	Legacy or active homepage media; reference review required	Medium—generated, experimental, or dynamically referenced assets require manual review	db664f65694af4133eb9db5957b556845f4482ad6442aaa606901033380c6184
img/plates/dust_master_2560.jpg	/img/plates/dust_master_2560.jpg	image	300360	2560x1428		0		1		true	Legacy or active homepage media; reference review required	Medium—generated, experimental, or dynamically referenced assets require manual review	6ebbe527caca5795d695064489845e7ffe16a155853c968cce94b67ace755bd2
img/plates/dust_mid_2560.jpg	/img/plates/dust_mid_2560.jpg	image	392824	2560x1428		0		1		true	Legacy or active homepage media; reference review required	Medium—generated, experimental, or dynamically referenced assets require manual review	8ed54a32a5e56fd43d21202491480d1c2f10ae93e88e80819425d62779a1488f
img/plates/dust_near_2560.jpg	/img/plates/dust_near_2560.jpg	image	75514	2560x1428		0		1		true	Legacy or active homepage media; reference review required	Medium—generated, experimental, or dynamically referenced assets require manual review	896e6551d35444b1779ca367af15abc5c5ee683d53edc906ea20c29aa53a8c5f
img/plates/dust_poster.jpg	/img/plates/dust_poster.jpg	image	118184	1920x1072		0		1		true	Legacy or active homepage media; reference review required	Medium—generated, experimental, or dynamically referenced assets require manual review	4a1ae25c8a14e698da906916a7c9bde7778d06677ee8efa1415e7801905784b2
img/plates/scene0_1080.mp4	/img/plates/scene0_1080.mp4	video	7892364	1920x1080	7.000	0		1		true	Legacy or active homepage media; reference review required	Medium—generated, experimental, or dynamically referenced assets require manual review	adb017b4261e4fcd1397b59ef34dccfe772c38d50d10203d930763e51d9f7e1e
img/plates/scene0_540.mp4	/img/plates/scene0_540.mp4	video	1036328	960x540	7.000	0		1		true	Legacy or active homepage media; reference review required	Medium—generated, experimental, or dynamically referenced assets require manual review	b95ece9373b7063e82f150bc39a0c800185cd855d8fb4b0304be3b54555cecca
img/plates/scene0_poster.jpg	/img/plates/scene0_poster.jpg	image	149990	1920x1072		0		1		true	Legacy or active homepage media; reference review required	Medium—generated, experimental, or dynamically referenced assets require manual review	47741e81de7118782e99e26445bf63df7720cbc5c5528f042a89057c52c9a41d
img/plates/scene6_1080.mp4	/img/plates/scene6_1080.mp4	video	10197964	1920x1080	7.000	0		1		true	Legacy or active homepage media; reference review required	Medium—generated, experimental, or dynamically referenced assets require manual review	f0d4e6837e7ef6c339d3e9210527a7f083ad80b9a33459f3e4477ab43fc5f1f0
img/plates/scene6_540.mp4	/img/plates/scene6_540.mp4	video	2241867	960x540	7.000	0		1		true	Legacy or active homepage media; reference review required	Medium—generated, experimental, or dynamically referenced assets require manual review	75356b5411c8ed6dae55bafca99f856322ba81dda7e29fc0fc56150b9bf6fc87
img/plates/scene6_poster.jpg	/img/plates/scene6_poster.jpg	image	312061	1920x1072		0		1		true	Legacy or active homepage media; reference review required	Medium—generated, experimental, or dynamically referenced assets require manual review	90757348997285d5193352c1361d0c94cbef1b192adabdf6fa9dd5e7a3b45bc2
img/plates/skyline_2560.jpg	/img/plates/skyline_2560.jpg	image	318299	2560x1090		0		1	Review OSM/USGS attribution; current footer credits both sources	true	Legacy or active homepage media; reference review required	Medium—generated, experimental, or dynamically referenced assets require manual review	0d89ee78d9e3cd6caaa8387ce1774fd9da871b2f7f26f5f21c07c79d828d84fc
img/plates/skyline_poster.jpg	/img/plates/skyline_poster.jpg	image	210275	1920x1072		0		1	Review OSM/USGS attribution; current footer credits both sources	true	Legacy or active homepage media; reference review required	Medium—generated, experimental, or dynamically referenced assets require manual review	092fbc05ef75217b3c7777c7aa9617eae558fa03d15729c1c2f6d73751fac0bf
img/plates/stack_orbit_1080.mp4	/img/plates/stack_orbit_1080.mp4	video	2123655	1920x1080	7.000	0		1		true	Legacy or active homepage media; reference review required	Medium—generated, experimental, or dynamically referenced assets require manual review	35a1bc037157189e290da8c9a883db8e18e123d06f57f360ad099de7ac6e4a02
img/plates/stack_orbit_1440.mp4	/img/plates/stack_orbit_1440.mp4	video	4198713	2560x1440	7.000	0		1		true	Legacy or active homepage media; reference review required	Medium—generated, experimental, or dynamically referenced assets require manual review	c36430faf8b9db1fb5d1547e5190bc74754e98149e3cb0b1f87f81d6d36e7e4d
img/plates/stack_orbit_540.mp4	/img/plates/stack_orbit_540.mp4	video	560356	960x540	7.000	0		1		true	Legacy or active homepage media; reference review required	Medium—generated, experimental, or dynamically referenced assets require manual review	8a2de79a1f1eaeb44c890df295486286965f03a3fcae879f8dce3486e0c356b9
img/plates/stack_poster.jpg	/img/plates/stack_poster.jpg	image	159728	2560x1440		0		1		true	Legacy or active homepage media; reference review required	Medium—generated, experimental, or dynamically referenced assets require manual review	8c62c3e35022a0f2397c106dafa25e75e99fb6bf8cb8ed4771c02849346d4cfe
img/plates/stack_slab_1.png	/img/plates/stack_slab_1.png	image	323287	1013x429		0		1		true	Legacy or active homepage media; reference review required	Medium—generated, experimental, or dynamically referenced assets require manual review	8a61600872151a8d0bf3d8ca7161865c7c7e033c6c06b7e5a718d5d5cabe27cb
img/plates/stack_slab_2.png	/img/plates/stack_slab_2.png	image	322367	1013x352		0		1		true	Legacy or active homepage media; reference review required	Medium—generated, experimental, or dynamically referenced assets require manual review	bd6bcc1d744d4f83fb7375c6a1b6330ee7be4564d624e5cd40310f2a5aa79071
img/plates/stack_slab_3.png	/img/plates/stack_slab_3.png	image	279095	1013x366		0		1		true	Legacy or active homepage media; reference review required	Medium—generated, experimental, or dynamically referenced assets require manual review	b70ce0de2d92effa5f104006dcd66ccbee1f19449c0958aae93f98ae72dce227
img/plates/stack_slab_4.png	/img/plates/stack_slab_4.png	image	322687	1013x413		0		1		true	Legacy or active homepage media; reference review required	Medium—generated, experimental, or dynamically referenced assets require manual review	af6fdc7b67c606a4981782d3184be79847318df5881598b77723989c3a6ff361
img/plates/stack_slab_5.png	/img/plates/stack_slab_5.png	image	436527	1013x562		0		1		true	Legacy or active homepage media; reference review required	Medium—generated, experimental, or dynamically referenced assets require manual review	106205e06fd917334ccc7830bde5d0ab8fcc7ee0977bf6527bee3e0fc70fe32c
img/sfbay_4k_v2.png	/img/sfbay_4k_v2.png	image	19035519	6336x2688		0		2	Review OSM/USGS attribution; current footer credits both sources	true	Legacy or active homepage media; reference review required	Medium—generated, experimental, or dynamically referenced assets require manual review	b40bddcc3b6282e2b6b74c3098a92622c06d35e3b097b2eb2872991b5327c80b
img/sfbay_hero_2560.webp	/img/sfbay_hero_2560.webp	image	193112	2560x1086		0		1	Review OSM/USGS attribution; current footer credits both sources	true	Legacy or active homepage media; reference review required	Medium—generated, experimental, or dynamically referenced assets require manual review	84648b18499f830d7f114c80d2db76683e440c9b7af968d1f47669d73768a970
img/sfbay_hero_3840.webp	/img/sfbay_hero_3840.webp	image	663930	3840x1629		0		1	Review OSM/USGS attribution; current footer credits both sources	true	Legacy or active homepage media; reference review required	Medium—generated, experimental, or dynamically referenced assets require manual review	cc1ecf72dbcfab46714d7eb1423bf30b8bbebe6e7deec568992129b33ef6e35c
public/assets/.DS_Store	/assets/.DS_Store	file	10244			0		1		true	Review during owning component migration	Medium—generated, experimental, or dynamically referenced assets require manual review	48a8844267e162ce9a3783b1e20a3aa9cc461f7361c1c5cf684a6742df0b0273
public/assets/scrollworld/sf-bay-bridge-desktop-hq-poster.jpg	/assets/scrollworld/sf-bay-bridge-desktop-hq-poster.jpg	image	530595	2560x1440		2	src/components/homepage/HeroSection.tsx;src/index.css	1	Review OSM/USGS attribution; current footer credits both sources	false	Homepage hero media; future HomepageHero	High	9cbfdf5a55832677d4f4dbaef2fe943a4cae4b95ca5cacf8feb1066cb69facff
public/assets/scrollworld/sf-bay-bridge-desktop-hq.mp4	/assets/scrollworld/sf-bay-bridge-desktop-hq.mp4	video	33920955	2560x1440	16.042	1	src/components/homepage/HeroSection.tsx	1	Review OSM/USGS attribution; current footer credits both sources	false	Homepage hero media; future HomepageHero	High	1b29cd353c54533e899d06ff892c9d9ca994744e25876b9d74b7cb1f5e380ce9
public/assets/scrollworld/sf-bay-bridge-draft-v1-poster.jpg	/assets/scrollworld/sf-bay-bridge-draft-v1-poster.jpg	image	179477	1280x720		0		1	Review OSM/USGS attribution; current footer credits both sources	true	Homepage hero media; future HomepageHero	Medium—generated, experimental, or dynamically referenced assets require manual review	90c54abee15f190cf661bdaa5a3b696cf3e178641dd64b79488cfbdfb5c9048d
public/assets/scrollworld/sf-bay-bridge-draft-v1.mp4	/assets/scrollworld/sf-bay-bridge-draft-v1.mp4	video	13082213	1280x720	16.042	0		1	Review OSM/USGS attribution; current footer credits both sources	true	Homepage hero media; future HomepageHero	Medium—generated, experimental, or dynamically referenced assets require manual review	5910340184c65e5b96c1e23cfcdee3eb3f4e68e7b750edc816711aa42a417b86
public/assets/scrollworld/sf-bay-bridge-mobile-hq-poster.jpg	/assets/scrollworld/sf-bay-bridge-mobile-hq-poster.jpg	image	286894	1080x1920		2	src/components/homepage/HeroSection.tsx;src/index.css	1	Review OSM/USGS attribution; current footer credits both sources	false	Homepage hero media; future HomepageHero	High	30f98168a67c8fc3356142e5229fb682b6f0836dfa010f4f0fd7092778412655
public/assets/scrollworld/sf-bay-bridge-mobile-hq.mp4	/assets/scrollworld/sf-bay-bridge-mobile-hq.mp4	video	21817353	1080x1920	15.917	1	src/components/homepage/HeroSection.tsx	1	Review OSM/USGS attribution; current footer credits both sources	false	Homepage hero media; future HomepageHero	High	5fa185109e1b5a73fd074c28084186106f342d0524f0841766fbf23ceddb1674
public/assets/scrollworld/sf-scrollworld-desktop-poster.jpg	/assets/scrollworld/sf-scrollworld-desktop-poster.jpg	image	453879	1920x1080		0		1	Review OSM/USGS attribution; current footer credits both sources	true	Homepage hero media; future HomepageHero	Medium—generated, experimental, or dynamically referenced assets require manual review	723f918e9cf6417b24153bba2014573d2d5783d91f48bfe4ccd9974b8bc69e7e
public/assets/scrollworld/sf-scrollworld-desktop.mp4	/assets/scrollworld/sf-scrollworld-desktop.mp4	video	5711571	1920x1080	10.000	0		1	Review OSM/USGS attribution; current footer credits both sources	true	Homepage hero media; future HomepageHero	Medium—generated, experimental, or dynamically referenced assets require manual review	350e715d18b4c930a219fb5e2e16c9d943b5d54bbc98e78f1bc15193f8f300f6
public/assets/scrollworld/sf-scrollworld-mobile-poster.jpg	/assets/scrollworld/sf-scrollworld-mobile-poster.jpg	image	338503	1080x1920		0		1	Review OSM/USGS attribution; current footer credits both sources	true	Homepage hero media; future HomepageHero	Medium—generated, experimental, or dynamically referenced assets require manual review	7872e0046391b4ccaf8634a52885064fd44f2acd12c5bb4da06d3a6c46570918
public/assets/scrollworld/sf-scrollworld-mobile.mp4	/assets/scrollworld/sf-scrollworld-mobile.mp4	video	6092665	1080x1920	10.000	0		1	Review OSM/USGS attribution; current footer credits both sources	true	Homepage hero media; future HomepageHero	Medium—generated, experimental, or dynamically referenced assets require manual review	64a6e590a008874f741d6d9da7ebeca5bb27b054d5960cfa1dfd2533ac88a833
public/assets/services-orbit/.DS_Store	/assets/services-orbit/.DS_Store	file	8196			0		1		true	Services hub/showreel or internal archive	Medium—generated, experimental, or dynamically referenced assets require manual review	5ae8e976c8adb5c6dfbd6accf2f7568e21c8604abdcdeb39325681f585a47ced
public/assets/services-orbit/01-brand-systems.png	/assets/services-orbit/01-brand-systems.png	image	5385070	2560x1440		0		1		true	Services hub/showreel or internal archive	Medium—generated, experimental, or dynamically referenced assets require manual review	f7c9e637d69fab39b654bd1b32d2971d94b26f38801fb939d71160bbc963029b
public/assets/services-orbit/02-websites.png	/assets/services-orbit/02-websites.png	image	3776960	2560x1440		0		1		true	Services hub/showreel or internal archive	Medium—generated, experimental, or dynamically referenced assets require manual review	4e896958f92325bf72c9b51f6632df0424af55ae2bc22a88790dd03f01049d04
public/assets/services-orbit/03-photography-creative.png	/assets/services-orbit/03-photography-creative.png	image	4962150	2560x1440		0		1		true	Services hub/showreel or internal archive	Medium—generated, experimental, or dynamically referenced assets require manual review	8bf17dd06974432208ad852199ad6437f1a346e68348760cf6487f24564ff601
public/assets/services-orbit/04-portals-ordering.png	/assets/services-orbit/04-portals-ordering.png	image	4226160	2560x1440		0		1		true	Services hub/showreel or internal archive	Medium—generated, experimental, or dynamically referenced assets require manual review	0a84d980e7c3ae43f2096c373656e3bdd84760b610bc6afa59e974228d8889ec
public/assets/services-orbit/05-ai-intake-reception.png	/assets/services-orbit/05-ai-intake-reception.png	image	2650923	2560x1440		0		1		true	Services hub/showreel or internal archive	Medium—generated, experimental, or dynamically referenced assets require manual review	64451e9e72d8d5c8b55d9496f400232d85d1f454751dc1350344a9bfd759b3c7
public/assets/services-orbit/06-automation-integrations.png	/assets/services-orbit/06-automation-integrations.png	image	3137555	2560x1440		0		1		true	Services hub/showreel or internal archive	Medium—generated, experimental, or dynamically referenced assets require manual review	ffe92c7f8e47cfb1c4b51b0049b263875d67ca7a8a615da23271494d5a4dbfeb
public/assets/services-orbit/source/01-brand-systems-higgsfield-v1.png	/assets/services-orbit/source/01-brand-systems-higgsfield-v1.png	image	6779447	2688x1536		0		1		true	Services hub/showreel or internal archive	Medium—generated, experimental, or dynamically referenced assets require manual review	8b482436dfbd0c71ae8a7717d63ee3ab9e436b6eba52ecffb4a9901f6ca73a14
public/assets/services-orbit/source/02-websites-higgsfield-v1.png	/assets/services-orbit/source/02-websites-higgsfield-v1.png	image	4450133	2688x1536		0		1		true	Services hub/showreel or internal archive	Medium—generated, experimental, or dynamically referenced assets require manual review	25fc87eb038dad2ddfc6b20fe8dbeeb03e6c28ed71416349f8e3f81021131de9
public/assets/services-orbit/source/02-websites-higgsfield-v2.png	/assets/services-orbit/source/02-websites-higgsfield-v2.png	image	5008583	2688x1536		0		1		true	Services hub/showreel or internal archive	Medium—generated, experimental, or dynamically referenced assets require manual review	9404694243ce49c58838db0f6ef4406352287c2d02f294214c3a4d2b8c3c0cd1
public/assets/services-orbit/source/03-photography-creative-higgsfield-v1.png	/assets/services-orbit/source/03-photography-creative-higgsfield-v1.png	image	6454965	2688x1536		0		1		true	Services hub/showreel or internal archive	Medium—generated, experimental, or dynamically referenced assets require manual review	05702b764ac44d5b189bd509004ebd37618d56e983f625ecd68430b3033cd557
public/assets/services-orbit/source/04-portals-ordering-higgsfield-v1.png	/assets/services-orbit/source/04-portals-ordering-higgsfield-v1.png	image	2701362	2688x1536		0		1		true	Services hub/showreel or internal archive	Medium—generated, experimental, or dynamically referenced assets require manual review	cf450df0cedf560d72a681563e1352035b270cd5c598a31e632d1fe70293e917
public/assets/services-orbit/source/04-portals-ordering-higgsfield-v2.png	/assets/services-orbit/source/04-portals-ordering-higgsfield-v2.png	image	5437291	2688x1536		0		1		true	Services hub/showreel or internal archive	Medium—generated, experimental, or dynamically referenced assets require manual review	7e540188b939ce38043e7ab4dd24c63cc90a39221ad95bc6230da2b7f3e554b9
public/assets/services-orbit/source/05-ai-intake-reception-higgsfield-v1.png	/assets/services-orbit/source/05-ai-intake-reception-higgsfield-v1.png	image	3628965	2688x1536		0		1		true	Services hub/showreel or internal archive	Medium—generated, experimental, or dynamically referenced assets require manual review	6f89577f496261d39c9141a5731994adcaff07a500a1bed43a2d761e55fda331
public/assets/services-orbit/source/06-automation-integrations-higgsfield-v1.png	/assets/services-orbit/source/06-automation-integrations-higgsfield-v1.png	image	4367513	2688x1536		0		1		true	Services hub/showreel or internal archive	Medium—generated, experimental, or dynamically referenced assets require manual review	d7a80a70d54a5b2677e1404e6593f279e34abc380ec952d3173d1a41073280ea
public/assets/services-orbit/v2/01-brand-systems.png	/assets/services-orbit/v2/01-brand-systems.png	image	5446446	2560x1440		0		1		true	Services hub/showreel or internal archive	Medium—generated, experimental, or dynamically referenced assets require manual review	e4fad85db4ba7b731c8bd70d52b684319c492faba1ea4941d738eb6f71dd94c7
public/assets/services-orbit/v2/02-websites.png	/assets/services-orbit/v2/02-websites.png	image	4073142	2560x1440		0		1		true	Services hub/showreel or internal archive	Medium—generated, experimental, or dynamically referenced assets require manual review	5a0bc8dba21395ae27d6a18a68486539ef4023c4d68fa1fc2162e01ce0b7c121
public/assets/services-orbit/v2/03-photography-creative.png	/assets/services-orbit/v2/03-photography-creative.png	image	4748957	2560x1440		0		1		true	Services hub/showreel or internal archive	Medium—generated, experimental, or dynamically referenced assets require manual review	55635d8f6e9ea889f868c033cb95374b9e2bba79636d153b819de68d62c0e1b7
public/assets/services-orbit/v2/04-portals-ordering.png	/assets/services-orbit/v2/04-portals-ordering.png	image	3603875	2560x1440		0		1		true	Services hub/showreel or internal archive	Medium—generated, experimental, or dynamically referenced assets require manual review	14fcc7448b4f8e5c36f5420e31ef07db04aded606a8790cd445c22a44bf81df1
public/assets/services-orbit/v2/05-ai-intake-reception.png	/assets/services-orbit/v2/05-ai-intake-reception.png	image	2577889	2560x1440		0		1		true	Services hub/showreel or internal archive	Medium—generated, experimental, or dynamically referenced assets require manual review	bcb089e96f1d675473328ffe6a589d94b811ae523ee1e3d7db3d6e13b09a9bbe
public/assets/services-orbit/v2/06-automation-integrations.png	/assets/services-orbit/v2/06-automation-integrations.png	image	2803578	2560x1440		0		1		true	Services hub/showreel or internal archive	Medium—generated, experimental, or dynamically referenced assets require manual review	636451750bdb9c42968a1c00b9dd601e657bed766455a1cab2cee6862d75cc01
public/assets/services-orbit/v2/contact-sheet.png	/assets/services-orbit/v2/contact-sheet.png	image	2584846	2560x1440		0		1		true	Services hub/showreel or internal archive	Medium—generated, experimental, or dynamically referenced assets require manual review	44206d08f8ca28c952fec8c110a8e61f981fa694b892e564f9915e118882f1d9
public/assets/services-orbit/video-review/orbit-contact-sheet.jpg	/assets/services-orbit/video-review/orbit-contact-sheet.jpg	image	77680	1920x1080		0		1		true	Services hub/showreel or internal archive	Medium—generated, experimental, or dynamically referenced assets require manual review	14702fd28c9331c5a174f6b27b438bbc4d7436b4fee263e3bb4a572c03bf963e
public/assets/services-orbit/video/orbit-1080-contact-sheet.jpg	/assets/services-orbit/video/orbit-1080-contact-sheet.jpg	image	78986	1920x1080		0		1		true	Services hub/showreel or internal archive	Medium—generated, experimental, or dynamically referenced assets require manual review	a03ed6dd9b352f7ec8de1df0f11422695403845b7a7926646f1cc5ba75804555
public/assets/services-orbit/video/orbit-carousel-poster.jpg	/assets/services-orbit/video/orbit-carousel-poster.jpg	image	167940	1920x1080		2	src/components/homepage/WhatWeBuildSection.tsx;src/styles/studio-lower.css	1		false	Services hub/showreel or internal archive	High	36670e1b69f6274464de8db7b7cf1871c3814b11e8cc1b48e1b74dcab2199edb
public/assets/services-orbit/video/orbit-carousel-scroll-1080.mp4	/assets/services-orbit/video/orbit-carousel-scroll-1080.mp4	video	12086878	1920x1080	12.000	1	src/components/homepage/WhatWeBuildSection.tsx	1		false	Services hub/showreel or internal archive	High	8e5e00aa94f67edf722c054af1c4213dc9e318c0f7f84f64e44c2093c995ca9b
public/assets/services-orbit/video/orbit-carousel-scroll-mobile.mp4	/assets/services-orbit/video/orbit-carousel-scroll-mobile.mp4	video	4262556	1280x720	12.000	1	src/components/homepage/WhatWeBuildSection.tsx	1		false	Services hub/showreel or internal archive	High	ecb204d39025376677b795dafa7edc85150129a0c95772a7d782eab9f1ef2034
public/assets/showcase/.DS_Store	/assets/showcase/.DS_Store	file	18436			0		1		true	Work/Industries migration review or internal archive	Medium—generated, experimental, or dynamically referenced assets require manual review	48c0168b5c5903403513d99a1804913e551a2ef29723ff9434d3573e62aed310
public/assets/showcase/animos-final-v2/01-property.png	/assets/showcase/animos-final-v2/01-property.png	image	1223033	1920x1080		1	src/components/homepage/ShowcaseTunnelSection.tsx	1		false	Work/Industries migration review or internal archive	High	5e49ff9b3946ed23494e6f805506fed37815ff28e229157d6c550ae438e38c3d
public/assets/showcase/animos-final-v2/02-dental.png	/assets/showcase/animos-final-v2/02-dental.png	image	915410	1920x1080		1	src/components/homepage/ShowcaseTunnelSection.tsx	1		false	Work/Industries migration review or internal archive	High	ae193b717e59135fd99dbf4136cc9438863102cca0833ec034e2f1f64767551b
public/assets/showcase/animos-final-v2/03-restaurant.png	/assets/showcase/animos-final-v2/03-restaurant.png	image	948239	1920x1080		1	src/components/homepage/ShowcaseTunnelSection.tsx	1		false	Work/Industries migration review or internal archive	High	dde035f6ef0400bd1021e5d44e73f20c9fb80bd7e5a1634d446624b0bd1cfd99
public/assets/showcase/animos-final-v2/04-trades.png	/assets/showcase/animos-final-v2/04-trades.png	image	940364	1920x1080		1	src/components/homepage/ShowcaseTunnelSection.tsx	1		false	Work/Industries migration review or internal archive	High	952431b9956a8951070a630b3840cf4bf0780e4fbacb964686bad19a267c7dcb
public/assets/showcase/animos-final-v2/05-industrial.png	/assets/showcase/animos-final-v2/05-industrial.png	image	1132710	1920x1080		1	src/components/homepage/ShowcaseTunnelSection.tsx	1		false	Work/Industries migration review or internal archive	High	a0efe5dffe249759b9a05ada087400aa42e3446be907b81c1e678ff68b764e32
public/assets/showcase/animos-final-v2/06-logistics.png	/assets/showcase/animos-final-v2/06-logistics.png	image	722264	1920x1080		1	src/components/homepage/ShowcaseTunnelSection.tsx	1		false	Work/Industries migration review or internal archive	High	1ef661be0716feb2354b25c1b96f9f1c3f7011bcfc39717690822f1172b02fd4
public/assets/showcase/animos-final-v2/07-retail.png	/assets/showcase/animos-final-v2/07-retail.png	image	978738	1920x1080		1	src/components/homepage/ShowcaseTunnelSection.tsx	1		false	Work/Industries migration review or internal archive	High	9ee2c4764bde108f44d7b60dcc7609171bb36aededa42190c3728cd5a16d93ae
public/assets/showcase/animos-final-v2/08-research-labs.png	/assets/showcase/animos-final-v2/08-research-labs.png	image	758321	1920x1080		1	src/components/homepage/ShowcaseTunnelSection.tsx	1		false	Work/Industries migration review or internal archive	High	54a3cf480252ed378a5c40ff2eb04d1df3b0d8650d7c640ab5731ed93bcafc73
public/assets/showcase/animos-final-v2/09-construction.png	/assets/showcase/animos-final-v2/09-construction.png	image	1055549	1920x1080		1	src/components/homepage/ShowcaseTunnelSection.tsx	1		false	Work/Industries migration review or internal archive	High	ecbc4aeccfc2481adc33617cb35b158a7a35f609ae8347d66e305b28b29be157
public/assets/showcase/animos/animo-card-tunnel-poster.jpg	/assets/showcase/animos/animo-card-tunnel-poster.jpg	image	186625	1920x1080		0		1		true	Work/Industries migration review or internal archive	Medium—generated, experimental, or dynamically referenced assets require manual review	e7e09e0ecbb76181d3b4de1f15c5c45c1e8095e5e29df1bb6a18763ca5db800e
public/assets/showcase/animos/animo-card-tunnel-web.mp4	/assets/showcase/animos/animo-card-tunnel-web.mp4	video	16633909	1920x1080	20.000	0		1		true	Work/Industries migration review or internal archive	Medium—generated, experimental, or dynamically referenced assets require manual review	9be0c1459128ca343afe54568645b17b29fb5a77a430cee51632ce56e55126bc
public/assets/showcase/animos/animo-grid-zoom-strip-corrected-poster.jpg	/assets/showcase/animos/animo-grid-zoom-strip-corrected-poster.jpg	image	211654	1920x1080		0		2		true	Work/Industries migration review or internal archive	Medium—generated, experimental, or dynamically referenced assets require manual review	eb686b0dc1bbaf1a9ea09211b13895649786e2437eeb09f67d362fac2d57b726
public/assets/showcase/animos/animo-grid-zoom-strip-corrected-web.mp4	/assets/showcase/animos/animo-grid-zoom-strip-corrected-web.mp4	video	3763081	1920x1080	20.000	0		2		true	Work/Industries migration review or internal archive	Medium—generated, experimental, or dynamically referenced assets require manual review	1b9f1f69d1686147930f6e3ee4854365c9f6702cfedf084e58c7d0eec4e73a04
public/assets/showcase/animos/animo-grid-zoom-strip-poster.jpg	/assets/showcase/animos/animo-grid-zoom-strip-poster.jpg	image	211654	1920x1080		0		2		true	Work/Industries migration review or internal archive	Medium—generated, experimental, or dynamically referenced assets require manual review	eb686b0dc1bbaf1a9ea09211b13895649786e2437eeb09f67d362fac2d57b726
public/assets/showcase/animos/animo-grid-zoom-strip-web.mp4	/assets/showcase/animos/animo-grid-zoom-strip-web.mp4	video	3763081	1920x1080	20.000	0		2		true	Work/Industries migration review or internal archive	Medium—generated, experimental, or dynamically referenced assets require manual review	1b9f1f69d1686147930f6e3ee4854365c9f6702cfedf084e58c7d0eec4e73a04
public/assets/showcase/animos/animo-totem-wall-nine-mobile.mp4	/assets/showcase/animos/animo-totem-wall-nine-mobile.mp4	video	22056372	1280x720	60.000	1	src/components/homepage/ShowcaseTunnelSection.tsx	1		false	Work/Industries migration review or internal archive	High	3c53705503a94e2358e0ceeae7863442a66d331a40ff1235081d35ce49b3ca69
public/assets/showcase/animos/animo-totem-wall-nine-poster.jpg	/assets/showcase/animos/animo-totem-wall-nine-poster.jpg	image	193943	1920x1080		1	src/components/homepage/ShowcaseTunnelSection.tsx	1		false	Work/Industries migration review or internal archive	High	920a889730dcd2a8c434d172f54eb32f8e10451f4f837ff080e0cf498aaf5f82
public/assets/showcase/animos/animo-totem-wall-nine-web.mp4	/assets/showcase/animos/animo-totem-wall-nine-web.mp4	video	41997157	1920x1080	60.000	1	src/components/homepage/ShowcaseTunnelSection.tsx	1		false	Work/Industries migration review or internal archive	High	a76c13b85113010efe4f87e0a005617dfc2e8862e9ef0fb1c07e92b8e72bcdea
public/assets/showcase/backgrounds/01-property-higgsfield.png	/assets/showcase/backgrounds/01-property-higgsfield.png	image	898851	1392x752		0		2		true	Work/Industries migration review or internal archive	Medium—generated, experimental, or dynamically referenced assets require manual review	b577eca1eb533a914e735970c2b9609278e7772f3bf9c79c1d9b1601b7f32607
public/assets/showcase/backgrounds/02-dental-higgsfield.png	/assets/showcase/backgrounds/02-dental-higgsfield.png	image	811148	1392x752		0		1		true	Work/Industries migration review or internal archive	Medium—generated, experimental, or dynamically referenced assets require manual review	e1b5203ece8b6f9a1c97d21f7a883fde971a8ddd738faeee0fb52e6627aef073
public/assets/showcase/backgrounds/03-restaurant-higgsfield.png	/assets/showcase/backgrounds/03-restaurant-higgsfield.png	image	720192	1392x752		0		1		true	Work/Industries migration review or internal archive	Medium—generated, experimental, or dynamically referenced assets require manual review	600fd5dc72293a695eaff96af8fe0aec718e7fe71c626b4440fe23add80910e2
public/assets/showcase/backgrounds/04-plumbing-higgsfield.png	/assets/showcase/backgrounds/04-plumbing-higgsfield.png	image	1029395	1392x752		0		1		true	Work/Industries migration review or internal archive	Medium—generated, experimental, or dynamically referenced assets require manual review	f9e12f22e3dea3beec31c14909803ff4eb35919133d05d4c10b99d8933b2f1ec
public/assets/showcase/backgrounds/05-electrical-higgsfield.png	/assets/showcase/backgrounds/05-electrical-higgsfield.png	image	966782	1392x752		0		1		true	Work/Industries migration review or internal archive	Medium—generated, experimental, or dynamically referenced assets require manual review	563bca7cb440cabe1e6fc5a4850a09eacdc9db02dbae4626751394a985a41990
public/assets/showcase/backgrounds/06-industrial-higgsfield.png	/assets/showcase/backgrounds/06-industrial-higgsfield.png	image	982200	1392x752		0		1		true	Work/Industries migration review or internal archive	Medium—generated, experimental, or dynamically referenced assets require manual review	ed42e5411ff6d23f2f4f7ab6e35b73f80f5eac2f534ccbb83712618f032440e2
public/assets/showcase/backgrounds/07-transport-higgsfield.png	/assets/showcase/backgrounds/07-transport-higgsfield.png	image	885303	1392x752		0		1		true	Work/Industries migration review or internal archive	Medium—generated, experimental, or dynamically referenced assets require manual review	0135ef11aa29268158b25b4be19e9ce0fa48d1573d8453f26e5b4f1dc25f2c71
public/assets/showcase/backgrounds/08-hvac-higgsfield.png	/assets/showcase/backgrounds/08-hvac-higgsfield.png	image	762518	1392x752		0		1		true	Work/Industries migration review or internal archive	Medium—generated, experimental, or dynamically referenced assets require manual review	65da7df2a60999a7a1b2d66c349bbc3bae73c4097d9c84ccbb24671b4d45ecfd
public/assets/showcase/concepts/.DS_Store	/assets/showcase/concepts/.DS_Store	file	8196			0		1		true	Work entry and related Industry page	Medium—generated, experimental, or dynamically referenced assets require manual review	09c6bbdfdc8924f88afcbb49f964041442ce4fcf8061beab26d89b170a0f7983
public/assets/showcase/concepts/construction/groundline-hero-v1.png	/assets/showcase/concepts/construction/groundline-hero-v1.png	image	2390226	1536x1024		1	public/concepts/studio/studio.js	1		false	Work entry and related Industry page	High	4795b957a291d80f1ed356f7bb196d6daa35f5d90912690b39ec777b5dbe68f3
public/assets/showcase/concepts/dental/arc-dental-office-v2.png	/assets/showcase/concepts/dental/arc-dental-office-v2.png	image	1896604	1717x916		1	public/concepts/studio/studio.js	1		false	Work entry and related Industry page	High	ee9d8cf51c6aaad538a55e714e1f0284477bc8f8c033d67003e9d381222ba08f
public/assets/showcase/concepts/industrial/forgeworks-hero-v1.png	/assets/showcase/concepts/industrial/forgeworks-hero-v1.png	image	2058862	1693x929		1	public/concepts/studio/studio.js	1		false	Work entry and related Industry page	High	d0f10b5f278a11a13482b0ad8d18bf5f1faec1623bc99cf573e5285260e3d877
public/assets/showcase/concepts/logistics/northbound-freight-v2.png	/assets/showcase/concepts/logistics/northbound-freight-v2.png	image	1846542	1798x875		1	public/concepts/studio/studio.js	1		false	Work entry and related Industry page	High	32ed3d650b297bcd1f91c33e51f8403b8a9781ebb3d4c2d063adcfa8da0302cf
public/assets/showcase/concepts/property/northline-desktop-animos-v1.png	/assets/showcase/concepts/property/northline-desktop-animos-v1.png	image	172686	1920x1080		0		1		true	Work entry and related Industry page	Medium—generated, experimental, or dynamically referenced assets require manual review	fdd26ccf20071618da8542520e1e565a9d07eec8d3d1a3f62cf408ee8405d2d0
public/assets/showcase/concepts/property/northline-hero-v1.png	/assets/showcase/concepts/property/northline-hero-v1.png	image	2300976	1536x1024		1	public/concepts/property/index.html	1		false	Work entry and related Industry page	High	ca11e307af42d627274281b37cac2e3b740a99253f99a3380913f4170ea82612
public/assets/showcase/concepts/property/northline-mobile-full-v1.png	/assets/showcase/concepts/property/northline-mobile-full-v1.png	image	61966	390x1141		0		1		true	Work entry and related Industry page	Medium—generated, experimental, or dynamically referenced assets require manual review	e3323c7e8b35528639e3432410d66ac9686f090488b5cec4231dc8efe496f938
public/assets/showcase/concepts/property/northline-mobile-v1.png	/assets/showcase/concepts/property/northline-mobile-v1.png	image	51426	390x844		0		1		true	Work entry and related Industry page	Medium—generated, experimental, or dynamically referenced assets require manual review	f8ac008c55df5e366753689c920b4b7167035231e5693f5435b922718ca3c5f1
public/assets/showcase/concepts/research-labs/vanta-labs-hero-v1.png	/assets/showcase/concepts/research-labs/vanta-labs-hero-v1.png	image	1596689	1717x916		1	public/concepts/studio/studio.js	1		false	Work entry and related Industry page	High	ed6ddb6df2e05d2bd6ff5afb2a9550ce3e255820dfa04bda0c13619d491d40cc
public/assets/showcase/concepts/restaurant/embers-hero-v1.png	/assets/showcase/concepts/restaurant/embers-hero-v1.png	image	2160353	1774x887		1	public/concepts/studio/studio.js	1		false	Work entry and related Industry page	High	7024cda737e4e1fc7acc78638d2b85f55135601027b8c5dba628126ecac25b97
public/assets/showcase/concepts/retail/atelier-hero-v1.png	/assets/showcase/concepts/retail/atelier-hero-v1.png	image	1869607	1727x911		1	public/concepts/studio/studio.js	1		false	Work entry and related Industry page	High	9da7b324845dda12288ac8ea75094e9b1a09dbf8376aab6aa83fcbf58f48abc7
public/assets/showcase/concepts/trades/copperline-hero-v1.png	/assets/showcase/concepts/trades/copperline-hero-v1.png	image	1978423	1536x1024		1	public/concepts/studio/studio.js	1		false	Work entry and related Industry page	High	3edc022d521f8713f432bf122c4e5e9808b7e290858af87c92093ea84932a19d
public/assets/showcase/lookdev/animo-grid-zoom-strip-contact.jpg	/assets/showcase/lookdev/animo-grid-zoom-strip-contact.jpg	image	39328	2400x270		0		1		true	Work/Industries migration review or internal archive	Medium—generated, experimental, or dynamically referenced assets require manual review	c14d5e775440e6e51ddb7d8e0f57a60d0b70d71b428bc1039482e428c52b6043
public/assets/showcase/lookdev/animo-grid-zoom-strip-corrected-contact.jpg	/assets/showcase/lookdev/animo-grid-zoom-strip-corrected-contact.jpg	image	44377	2400x270		0		1		true	Work/Industries migration review or internal archive	Medium—generated, experimental, or dynamically referenced assets require manual review	f049727f190b46096558943536976b761615c2173926c68f728072eddeb105ff
public/assets/showcase/lookdev/animos-final-v2-contact.png	/assets/showcase/lookdev/animos-final-v2-contact.png	image	1312684	1920x1080		0		1		true	Work/Industries migration review or internal archive	Medium—generated, experimental, or dynamically referenced assets require manual review	505014092c598d91ab1eda84e267ea0619d30eb33e763b8f9758f70a36a7e064
public/assets/showcase/lookdev/backgrounds-contact-sheet.jpg	/assets/showcase/lookdev/backgrounds-contact-sheet.jpg	image	65774	1920x540		0		1		true	Work/Industries migration review or internal archive	Medium—generated, experimental, or dynamically referenced assets require manual review	357a0904a8cb7fb144fdb0b10a9a67daf5b232d933fd8d4efa8668ebea645eaa
public/assets/showcase/lookdev/mobile-previews-v2-contact.png	/assets/showcase/lookdev/mobile-previews-v2-contact.png	image	2540754	1170x2532		0		1		true	Work/Industries migration review or internal archive	Medium—generated, experimental, or dynamically referenced assets require manual review	db9ebcea2c5dd51fdec1b25e1b385f01be41525d99896ffc350abc47d56cca49
public/assets/showcase/lookdev/panels-contact-sheet-final.jpg	/assets/showcase/lookdev/panels-contact-sheet-final.jpg	image	87729	1920x540		0		1		true	Work/Industries migration review or internal archive	Medium—generated, experimental, or dynamically referenced assets require manual review	59feaf904834c6a7d0cdd6c4abf69b0fa057496c9470295182e9de45113ef0de
public/assets/showcase/lookdev/panels-contact-sheet.jpg	/assets/showcase/lookdev/panels-contact-sheet.jpg	image	88825	1920x540		0		1		true	Work/Industries migration review or internal archive	Medium—generated, experimental, or dynamically referenced assets require manual review	536a2ccb847f9113bcb94d610ff04a9eba38a91cead7a89dfe1542a1a184304c
public/assets/showcase/lookdev/panels-diverse-contact-sheet.jpg	/assets/showcase/lookdev/panels-diverse-contact-sheet.jpg	image	83058	1840x536		0		1		true	Work/Industries migration review or internal archive	Medium—generated, experimental, or dynamically referenced assets require manual review	5efe5ccd77e82b0c607fe23ec4d3937ec143382d985ea38bef7a70777a5c8a4a
public/assets/showcase/lookdev/panels-tunnel-ready-contact-sheet.jpg	/assets/showcase/lookdev/panels-tunnel-ready-contact-sheet.jpg	image	71690	1840x536		0		1		true	Work/Industries migration review or internal archive	Medium—generated, experimental, or dynamically referenced assets require manual review	d92dbac3f730858c705f39670057e157bd2edae012dab9c80e8c60005bced651
public/assets/showcase/lookdev/panels-v2-contact-sheet.jpg	/assets/showcase/lookdev/panels-v2-contact-sheet.jpg	image	82159	1920x540		0		1		true	Work/Industries migration review or internal archive	Medium—generated, experimental, or dynamically referenced assets require manual review	efa9c188fe11bac30116894665e85d5bdeeaac050f930e316c5c9de563234281
public/assets/showcase/lookdev/vesper-house-flux-v1.png	/assets/showcase/lookdev/vesper-house-flux-v1.png	image	898851	1392x752		0		2		true	Work/Industries migration review or internal archive	Medium—generated, experimental, or dynamically referenced assets require manual review	b577eca1eb533a914e735970c2b9609278e7772f3bf9c79c1d9b1601b7f32607
public/assets/showcase/mobile-previews-v2/01-property-mobile.png	/assets/showcase/mobile-previews-v2/01-property-mobile.png	image	329607	390x844		1	src/components/homepage/ShowcaseTunnelSection.tsx	1		false	Work/Industries migration review or internal archive	High	1ca4d6f4c82711963c29510fb2053a4d27f638edf10d56d9bb92242a538eb090
public/assets/showcase/mobile-previews-v2/02-dental-mobile.png	/assets/showcase/mobile-previews-v2/02-dental-mobile.png	image	292924	390x844		1	src/components/homepage/ShowcaseTunnelSection.tsx	1		false	Work/Industries migration review or internal archive	High	a9066ce6fa4ec63ebb903b077e321eea4f6615a0c2aa45ff8c3edc78eea743c8
public/assets/showcase/mobile-previews-v2/03-restaurant-mobile.png	/assets/showcase/mobile-previews-v2/03-restaurant-mobile.png	image	295851	390x844		1	src/components/homepage/ShowcaseTunnelSection.tsx	1		false	Work/Industries migration review or internal archive	High	8593b1d746065300e608d48abb95baa6b8eafbb14af2bbac3fc4b87eec001828
public/assets/showcase/mobile-previews-v2/04-trades-mobile.png	/assets/showcase/mobile-previews-v2/04-trades-mobile.png	image	329975	390x844		1	src/components/homepage/ShowcaseTunnelSection.tsx	1		false	Work/Industries migration review or internal archive	High	67c6b98ca8faf903c0910f85bc069a4bece8b418ac08b46fc318da81a6035d77
public/assets/showcase/mobile-previews-v2/05-industrial-mobile.png	/assets/showcase/mobile-previews-v2/05-industrial-mobile.png	image	326053	390x844		1	src/components/homepage/ShowcaseTunnelSection.tsx	1		false	Work/Industries migration review or internal archive	High	10575cdaa5671216ea97ddfaa748f167e56765b5f40695aceacaeeff83223a67
public/assets/showcase/mobile-previews-v2/06-logistics-mobile.png	/assets/showcase/mobile-previews-v2/06-logistics-mobile.png	image	257277	390x844		1	src/components/homepage/ShowcaseTunnelSection.tsx	1		false	Work/Industries migration review or internal archive	High	631f20ec75f0b2612a4517b3c08710bacb73855fdb339fc05f3d28b8f22f4817
public/assets/showcase/mobile-previews-v2/07-retail-mobile.png	/assets/showcase/mobile-previews-v2/07-retail-mobile.png	image	291532	390x844		1	src/components/homepage/ShowcaseTunnelSection.tsx	1		false	Work/Industries migration review or internal archive	High	0bcc40e304d323ac5deabcfa7d1c619429a88bbb2f4c941b132c456106cbd035
public/assets/showcase/mobile-previews-v2/08-research-labs-mobile.png	/assets/showcase/mobile-previews-v2/08-research-labs-mobile.png	image	270178	390x844		1	src/components/homepage/ShowcaseTunnelSection.tsx	1		false	Work/Industries migration review or internal archive	High	e37f247c521e9b25455ad472c760577673057f371da0a82b9abc31cdfe2e7f87
public/assets/showcase/mobile-previews-v2/09-construction-mobile.png	/assets/showcase/mobile-previews-v2/09-construction-mobile.png	image	308362	390x844		1	src/components/homepage/ShowcaseTunnelSection.tsx	1		false	Work/Industries migration review or internal archive	High	21b99bce07b494974150f392cc066f41a5f29a2bcd637036296d1c8b038e8de3
public/assets/showcase/panels-diverse/01-property-editorial.png	/assets/showcase/panels-diverse/01-property-editorial.png	image	507697	1600x900		0		1		true	Work/Industries migration review or internal archive	Medium—generated, experimental, or dynamically referenced assets require manual review	376e1e8d65d275ee5ffe4e98488eb9014c01015f9e228f71e8106808aa5867ad
public/assets/showcase/panels-diverse/02-dental-clinical.png	/assets/showcase/panels-diverse/02-dental-clinical.png	image	304184	1600x900		0		1		true	Work/Industries migration review or internal archive	Medium—generated, experimental, or dynamically referenced assets require manual review	5873008880fd20997a1e51f6c579f84066d4491a741adfe6c7bc201141935e42
public/assets/showcase/panels-diverse/03-restaurant-editorial.png	/assets/showcase/panels-diverse/03-restaurant-editorial.png	image	372498	1600x900		0		1		true	Work/Industries migration review or internal archive	Medium—generated, experimental, or dynamically referenced assets require manual review	f6af25049908eef00977b88b3b25b1f4bdef54cf93f608bccbaadad1d1f06b51
public/assets/showcase/panels-diverse/04-plumbing-conversion.png	/assets/showcase/panels-diverse/04-plumbing-conversion.png	image	521112	1600x900		0		1		true	Work/Industries migration review or internal archive	Medium—generated, experimental, or dynamically referenced assets require manual review	7f46a526a5f7711b69f12b73fca12c0d11f93122fca3b7def9ce551051dd9990
public/assets/showcase/panels-diverse/05-electrical-technical.png	/assets/showcase/panels-diverse/05-electrical-technical.png	image	311837	1600x900		0		1		true	Work/Industries migration review or internal archive	Medium—generated, experimental, or dynamically referenced assets require manual review	69ca8e9e0c5bc15bcf84a1d8f92df8147a80ce975b78b690ddaf07c1442d1b9d
public/assets/showcase/panels-diverse/06-industrial-brutalist.png	/assets/showcase/panels-diverse/06-industrial-brutalist.png	image	568109	1600x900		0		1		true	Work/Industries migration review or internal archive	Medium—generated, experimental, or dynamically referenced assets require manual review	fe549a1a61452a77484c7400319f5a299f0691225b822848615c197302c532c6
public/assets/showcase/panels-diverse/07-transport-saas.png	/assets/showcase/panels-diverse/07-transport-saas.png	image	82700	1600x900		0		1		true	Work/Industries migration review or internal archive	Medium—generated, experimental, or dynamically referenced assets require manual review	e3fb893a9c7279b9a60c947d1d7212d5d25afabef405b54576ca13b7e8a8ef98
public/assets/showcase/panels-diverse/08-hvac-service.png	/assets/showcase/panels-diverse/08-hvac-service.png	image	437864	1600x900		0		1		true	Work/Industries migration review or internal archive	Medium—generated, experimental, or dynamically referenced assets require manual review	c73efcc1092ff74e7e6009bf137ff77140d7d2e4a2f8c83413ef5106cb92beed
public/assets/showcase/panels-tunnel-ready/01-property-single-panel.png	/assets/showcase/panels-tunnel-ready/01-property-single-panel.png	image	468673	1600x900		0		2		true	Work/Industries migration review or internal archive	Medium—generated, experimental, or dynamically referenced assets require manual review	ad9449c7c91ffffc4ee149b4497d3f70b1526865ecd9cba83fb9bb7849d37f9e
public/assets/showcase/panels-tunnel-ready/02-dental-single-panel.png	/assets/showcase/panels-tunnel-ready/02-dental-single-panel.png	image	295217	1600x900		0		2		true	Work/Industries migration review or internal archive	Medium—generated, experimental, or dynamically referenced assets require manual review	53df9570067f3e5d88a7b9af7372963c3a47c71953c4ece8db834f3129ed884b
public/assets/showcase/panels-tunnel-ready/03-restaurant-single-panel.png	/assets/showcase/panels-tunnel-ready/03-restaurant-single-panel.png	image	406658	1600x900		0		2		true	Work/Industries migration review or internal archive	Medium—generated, experimental, or dynamically referenced assets require manual review	7dca4260d32a4432a52884df1b19b7ccc7556b696fd988e74eebcedb1d712f6c
public/assets/showcase/panels-tunnel-ready/04-plumbing-single-panel.png	/assets/showcase/panels-tunnel-ready/04-plumbing-single-panel.png	image	526750	1600x900		0		2		true	Work/Industries migration review or internal archive	Medium—generated, experimental, or dynamically referenced assets require manual review	2ecb9ec5326a55733e2bba06088d88cb3247d9cd20f2fbf04ae9cb8ab157fdb7
public/assets/showcase/panels-tunnel-ready/05-electrical-single-panel.png	/assets/showcase/panels-tunnel-ready/05-electrical-single-panel.png	image	466650	1600x900		0		2		true	Work/Industries migration review or internal archive	Medium—generated, experimental, or dynamically referenced assets require manual review	183098b0f377580627f430a2dd4eea0a78e0ae024cdc4cd84e595fae4a5e6e71
public/assets/showcase/panels-tunnel-ready/06-industrial-single-panel.png	/assets/showcase/panels-tunnel-ready/06-industrial-single-panel.png	image	572948	1600x900		0		2		true	Work/Industries migration review or internal archive	Medium—generated, experimental, or dynamically referenced assets require manual review	6d31bb6da811428714f220bf1ac5fdfdc04601786c6b50e7e564ca1efae13a98
public/assets/showcase/panels-tunnel-ready/07-transport-single-panel.png	/assets/showcase/panels-tunnel-ready/07-transport-single-panel.png	image	464128	1600x900		0		2		true	Work/Industries migration review or internal archive	Medium—generated, experimental, or dynamically referenced assets require manual review	c0952bbccf3f1374f015bc38ff3befad552d08947b09fd382a1d60abb8173a40
public/assets/showcase/panels-tunnel-ready/08-hvac-single-panel.png	/assets/showcase/panels-tunnel-ready/08-hvac-single-panel.png	image	416621	1600x900		0		2		true	Work/Industries migration review or internal archive	Medium—generated, experimental, or dynamically referenced assets require manual review	3cd737364427e0e6e71e1f174cd0726dc21afe706059e9d6706908f3c53da4d5
public/assets/showcase/panels-v2/01-property-map-v2.png	/assets/showcase/panels-v2/01-property-map-v2.png	image	462375	1600x900		0		1	Review OSM/USGS attribution; current footer credits both sources	true	Work/Industries migration review or internal archive	Medium—generated, experimental, or dynamically referenced assets require manual review	5abdddabaf3065ae658caddf32c1e06fab046826b97c0eef86489b69e1af2ace
public/assets/showcase/panels-v2/02-dental-scan-v2.png	/assets/showcase/panels-v2/02-dental-scan-v2.png	image	391192	1600x900		0		1		true	Work/Industries migration review or internal archive	Medium—generated, experimental, or dynamically referenced assets require manual review	c18e900f6725db677b7185f6c2623bef38169ca499c9a969385b7710bd1c88cd
public/assets/showcase/panels-v2/03-restaurant-reservations-v2.png	/assets/showcase/panels-v2/03-restaurant-reservations-v2.png	image	305564	1600x900		0		1		true	Work/Industries migration review or internal archive	Medium—generated, experimental, or dynamically referenced assets require manual review	bf96d5a01acd813c6810596ad04b3ebd6b134f5d270666e8e1f9c0b7e81b9ea4
public/assets/showcase/panels-v2/04-plumbing-network-v2.png	/assets/showcase/panels-v2/04-plumbing-network-v2.png	image	505443	1600x900		0		1		true	Work/Industries migration review or internal archive	Medium—generated, experimental, or dynamically referenced assets require manual review	f031d500cb71e6dd5edbf98d6075a2b6c46fd18d5d5ddd7fc3e3be91265340c4
public/assets/showcase/panels-v2/05-electrical-load-v2.png	/assets/showcase/panels-v2/05-electrical-load-v2.png	image	446500	1600x900		0		1		true	Work/Industries migration review or internal archive	Medium—generated, experimental, or dynamically referenced assets require manual review	a06beb3ef1ea7fabefab05de10e04b2d56559459c850edf03d4387bd9648a9ed
public/assets/showcase/panels-v2/06-industrial-timeline-v2.png	/assets/showcase/panels-v2/06-industrial-timeline-v2.png	image	565885	1600x900		0		1		true	Work/Industries migration review or internal archive	Medium—generated, experimental, or dynamically referenced assets require manual review	e6e0e31b52d00e76186ee6c1942855bfa0ff68e118350ce6ddd6a4a50dee3fd3
public/assets/showcase/panels-v2/07-transport-route-v2.png	/assets/showcase/panels-v2/07-transport-route-v2.png	image	459266	1600x900		0		1		true	Work/Industries migration review or internal archive	Medium—generated, experimental, or dynamically referenced assets require manual review	152577a627973913285a104f222d99012f0e9e3d98ac92455f39b1ff4ae472c1
public/assets/showcase/panels-v2/08-hvac-service-modal-v2.png	/assets/showcase/panels-v2/08-hvac-service-modal-v2.png	image	513457	1600x900		0		1		true	Work/Industries migration review or internal archive	Medium—generated, experimental, or dynamically referenced assets require manual review	9143c145fd080af92f8d7d6ab4f874983bcd2cbb9a8708b6660bd200ebca1e0b
public/assets/showcase/panels/01-property-management.png	/assets/showcase/panels/01-property-management.png	image	377987	1600x900		0		1		true	Work/Industries migration review or internal archive	Medium—generated, experimental, or dynamically referenced assets require manual review	3da21620ec82458fd5ab3060e62eccaad6ac3b224a0fe5d3676c1f1eacfed917
public/assets/showcase/panels/02-dental-practice.png	/assets/showcase/panels/02-dental-practice.png	image	453634	1600x900		0		1		true	Work/Industries migration review or internal archive	Medium—generated, experimental, or dynamically referenced assets require manual review	d0cde6352e7fda7b75107f648d6b43329f48bdbe6e570313e52b3c63885a2563
public/assets/showcase/panels/03-restaurant.png	/assets/showcase/panels/03-restaurant.png	image	320565	1600x900		1	src/components/homepage/ShowcaseTunnelSection.tsx	1		false	Work/Industries migration review or internal archive	High	73091c3b26a2022ca382552a2a9619dec005913b511bd1cccf18f96e03f4b19a
public/assets/showcase/panels/04-plumbing.png	/assets/showcase/panels/04-plumbing.png	image	524397	1600x900		0		1		true	Work/Industries migration review or internal archive	Medium—generated, experimental, or dynamically referenced assets require manual review	ef72f0c42772ef2f22eb2c6e138d50bb7edd1608ee2847774746eb1b22558190
public/assets/showcase/panels/05-electrical.png	/assets/showcase/panels/05-electrical.png	image	457154	1600x900		0		1		true	Work/Industries migration review or internal archive	Medium—generated, experimental, or dynamically referenced assets require manual review	dd2b675985c4ca0c798018989643cc749ddc21637768900af87e596eb3101b09
public/assets/showcase/panels/06-industrial.png	/assets/showcase/panels/06-industrial.png	image	608768	1600x900		0		1		true	Work/Industries migration review or internal archive	Medium—generated, experimental, or dynamically referenced assets require manual review	7e4eb63c3c56888c3845c46ee70e441a07875c85b1613d15608b40d3b39b6d57
public/assets/showcase/panels/07-transport.png	/assets/showcase/panels/07-transport.png	image	445748	1600x900		0		1		true	Work/Industries migration review or internal archive	Medium—generated, experimental, or dynamically referenced assets require manual review	815b3e564a2a7e61ce5de7d0efcc321a014a1d230d297671ba05237a2471a7c7
public/assets/showcase/panels/08-hvac-field-service.png	/assets/showcase/panels/08-hvac-field-service.png	image	432001	1600x900		0		1		true	Work/Industries migration review or internal archive	Medium—generated, experimental, or dynamically referenced assets require manual review	0baa6dc566d7921bc00d30c95f6be40a6120ccbb8e270b405d879bbc7cdaba0f
public/assets/showcase/source-diverse/01-property-editorial.svg	/assets/showcase/source-diverse/01-property-editorial.svg	image	1200692	0 0 1600 900		0		1		true	Work/Industries migration review or internal archive	Medium—generated, experimental, or dynamically referenced assets require manual review	5e3f0ebbf09984dd49b5e4bee7ae68bfecc0b6325463768a194fe2dd0ac20207
public/assets/showcase/source-diverse/02-dental-clinical.svg	/assets/showcase/source-diverse/02-dental-clinical.svg	image	1084298	0 0 1600 900		0		1		true	Work/Industries migration review or internal archive	Medium—generated, experimental, or dynamically referenced assets require manual review	19a094d5fdd994fb3ff4b70264199952107620e2695bd1e73ff33da6381f0011
public/assets/showcase/source-diverse/03-restaurant-editorial.svg	/assets/showcase/source-diverse/03-restaurant-editorial.svg	image	962501	0 0 1600 900		0		1		true	Work/Industries migration review or internal archive	Medium—generated, experimental, or dynamically referenced assets require manual review	2677b5a18e5802250e52daa68ab1072c8ee69f62f28c00afad5b545ca8de5ca2
public/assets/showcase/source-diverse/04-plumbing-conversion.svg	/assets/showcase/source-diverse/04-plumbing-conversion.svg	image	1376513	0 0 1600 900		0		1		true	Work/Industries migration review or internal archive	Medium—generated, experimental, or dynamically referenced assets require manual review	5a61c69ee9b5c335fce6f1ef3dccc66e4da585f8acd89b2579d64f06d1ee2fc9
public/assets/showcase/source-diverse/05-electrical-technical.svg	/assets/showcase/source-diverse/05-electrical-technical.svg	image	1292475	0 0 1600 900		0		1		true	Work/Industries migration review or internal archive	Medium—generated, experimental, or dynamically referenced assets require manual review	aef2f49edd6ba1dc0345fc845361b0f9d10d046ba634decabd4f7c414f2ba698
public/assets/showcase/source-diverse/06-industrial-brutalist.svg	/assets/showcase/source-diverse/06-industrial-brutalist.svg	image	1312460	0 0 1600 900		0		1		true	Work/Industries migration review or internal archive	Medium—generated, experimental, or dynamically referenced assets require manual review	41dc9d2b91c87d1911a1588920d0c42eb764dc2f0a7209b43992865596b2404e
public/assets/showcase/source-diverse/07-transport-saas.svg	/assets/showcase/source-diverse/07-transport-saas.svg	image	3239	0 0 1600 900		0		1		true	Work/Industries migration review or internal archive	Medium—generated, experimental, or dynamically referenced assets require manual review	1e3ee33f869443c5f33ed5b4cc810756738ea312aeb08adecc13956d2023d4dc
public/assets/showcase/source-diverse/08-hvac-service.svg	/assets/showcase/source-diverse/08-hvac-service.svg	image	1019901	0 0 1600 900		0		1		true	Work/Industries migration review or internal archive	Medium—generated, experimental, or dynamically referenced assets require manual review	27320104dd7b43ee99272334d34b69f4549f3571abb84564a7ee7c7fbbb3aa64
public/assets/showcase/source-tunnel/01-property-single-panel.svg	/assets/showcase/source-tunnel/01-property-single-panel.svg	image	1202648	0 0 1600 900		0		1		true	Work/Industries migration review or internal archive	Medium—generated, experimental, or dynamically referenced assets require manual review	d9e614c73ad66a29727a4cd100abb06595c7eae516d04a7482661a782c36ad78
public/assets/showcase/source-tunnel/02-dental-single-panel.svg	/assets/showcase/source-tunnel/02-dental-single-panel.svg	image	1085705	0 0 1600 900		0		1		true	Work/Industries migration review or internal archive	Medium—generated, experimental, or dynamically referenced assets require manual review	2f5fca04562e8cb6176cbb5dfdee9b2b61a5a3348356f7f5183fdecc2e17954d
public/assets/showcase/source-tunnel/03-restaurant-single-panel.svg	/assets/showcase/source-tunnel/03-restaurant-single-panel.svg	image	967522	0 0 1600 900		0		1		true	Work/Industries migration review or internal archive	Medium—generated, experimental, or dynamically referenced assets require manual review	7ec65c157258da5c42f6449b4cb84a9963855717f65ba2bfb2f31716d355fb2f
public/assets/showcase/source-tunnel/04-plumbing-single-panel.svg	/assets/showcase/source-tunnel/04-plumbing-single-panel.svg	image	1377093	0 0 1600 900		0		1		true	Work/Industries migration review or internal archive	Medium—generated, experimental, or dynamically referenced assets require manual review	cb89ad66f02289b468a5bfe6baea42ff8e4fcbf5ceb807fe093f0bc70d3aeabe
public/assets/showcase/source-tunnel/05-electrical-single-panel.svg	/assets/showcase/source-tunnel/05-electrical-single-panel.svg	image	1293587	0 0 1600 900		0		1		true	Work/Industries migration review or internal archive	Medium—generated, experimental, or dynamically referenced assets require manual review	255fb419432c2b4a2299268bea68a0715fe652c42848b41878bee1977fcd7735
public/assets/showcase/source-tunnel/06-industrial-single-panel.svg	/assets/showcase/source-tunnel/06-industrial-single-panel.svg	image	1314693	0 0 1600 900		0		1		true	Work/Industries migration review or internal archive	Medium—generated, experimental, or dynamically referenced assets require manual review	7a84c78de702d90fcfbe0338acb6729bd8a151c122e68bd824a56a8b9a7f42db
public/assets/showcase/source-tunnel/07-transport-single-panel.svg	/assets/showcase/source-tunnel/07-transport-single-panel.svg	image	1185206	0 0 1600 900		0		1		true	Work/Industries migration review or internal archive	Medium—generated, experimental, or dynamically referenced assets require manual review	cacf3ff3d380c851b322140b7a30250b296ecab0917982d6f4f92dccaea7d9b8
public/assets/showcase/source-tunnel/08-hvac-single-panel.svg	/assets/showcase/source-tunnel/08-hvac-single-panel.svg	image	1020856	0 0 1600 900		0		1		true	Work/Industries migration review or internal archive	Medium—generated, experimental, or dynamically referenced assets require manual review	87c458e1eb43ab71ad12e677967617782d4d041d8e4246c9312be590277b1ef1
public/assets/showcase/source-v2/01-property-map-v2.svg	/assets/showcase/source-v2/01-property-map-v2.svg	image	1207334	0 0 1600 900		0		1	Review OSM/USGS attribution; current footer credits both sources	true	Work/Industries migration review or internal archive	Medium—generated, experimental, or dynamically referenced assets require manual review	b86140edf71e7b968e43e5fbb01be4255fdc90c77f6e3187133530bdf9f3b11b
public/assets/showcase/source-v2/02-dental-scan-v2.svg	/assets/showcase/source-v2/02-dental-scan-v2.svg	image	1086823	0 0 1600 900		0		1		true	Work/Industries migration review or internal archive	Medium—generated, experimental, or dynamically referenced assets require manual review	2df7be1f88c6fb7a6144caf39b1748636e4d040d2b31e32cf2619269ad1cd134
public/assets/showcase/source-v2/03-restaurant-reservations-v2.svg	/assets/showcase/source-v2/03-restaurant-reservations-v2.svg	image	967197	0 0 1600 900		0		1		true	Work/Industries migration review or internal archive	Medium—generated, experimental, or dynamically referenced assets require manual review	6fe310c6d7fb4ff78e067225b9806c380425d502ea072443fd4041cb605056aa
public/assets/showcase/source-v2/04-plumbing-network-v2.svg	/assets/showcase/source-v2/04-plumbing-network-v2.svg	image	1377550	0 0 1600 900		0		1		true	Work/Industries migration review or internal archive	Medium—generated, experimental, or dynamically referenced assets require manual review	2d5654abae581ddd09514e8ebdca65d956c9aa348955dbd5e682fb10beb04e24
public/assets/showcase/source-v2/05-electrical-load-v2.svg	/assets/showcase/source-v2/05-electrical-load-v2.svg	image	1294196	0 0 1600 900		0		1		true	Work/Industries migration review or internal archive	Medium—generated, experimental, or dynamically referenced assets require manual review	504b41f3a053b7378a5607eba03bb177ac640ba9e5707984c7d80a7c2d665681
public/assets/showcase/source-v2/06-industrial-timeline-v2.svg	/assets/showcase/source-v2/06-industrial-timeline-v2.svg	image	1315486	0 0 1600 900		0		1		true	Work/Industries migration review or internal archive	Medium—generated, experimental, or dynamically referenced assets require manual review	3118d5d0f0bd8b6336e401e035769d004816500eeee86ea2e272fac03cdfef9d
public/assets/showcase/source-v2/07-transport-route-v2.svg	/assets/showcase/source-v2/07-transport-route-v2.svg	image	1186679	0 0 1600 900		0		1		true	Work/Industries migration review or internal archive	Medium—generated, experimental, or dynamically referenced assets require manual review	2e2293d7aa10cd5515446131d6b06404629713da391ae68de56e159cc1519301
public/assets/showcase/source-v2/08-hvac-service-modal-v2.svg	/assets/showcase/source-v2/08-hvac-service-modal-v2.svg	image	1022557	0 0 1600 900		0		1		true	Work/Industries migration review or internal archive	Medium—generated, experimental, or dynamically referenced assets require manual review	729398961fcd78851a198e2f239af8d00e44f614583c50790a81848f39ca1577
public/assets/showcase/source/01-property-management.svg	/assets/showcase/source/01-property-management.svg	image	1204311	0 0 1600 900		0		1		true	Work/Industries migration review or internal archive	Medium—generated, experimental, or dynamically referenced assets require manual review	220e481f08411b7b5cdcda740b4ac2595a917f8aa3db28ea1a4951edb616c928
public/assets/showcase/source/02-dental-practice.svg	/assets/showcase/source/02-dental-practice.svg	image	1087362	0 0 1600 900		0		1		true	Work/Industries migration review or internal archive	Medium—generated, experimental, or dynamically referenced assets require manual review	4d3eba8174e0dbffa32d93dc25d68159bae411a3008d952b3c184b0a6501222b
public/assets/showcase/source/03-restaurant.svg	/assets/showcase/source/03-restaurant.svg	image	966103	0 0 1600 900		0		1		true	Work/Industries migration review or internal archive	Medium—generated, experimental, or dynamically referenced assets require manual review	3723b7deb1527eca420d7b134f49f33255fd620e1bfd0135393c6a5112040082
public/assets/showcase/source/04-plumbing.svg	/assets/showcase/source/04-plumbing.svg	image	1378367	0 0 1600 900		0		1		true	Work/Industries migration review or internal archive	Medium—generated, experimental, or dynamically referenced assets require manual review	0849dc85c10227a7b4b3faca81c581d4fda3d0b7eddde2abcca6914ced6f6918
public/assets/showcase/source/05-electrical.svg	/assets/showcase/source/05-electrical.svg	image	1294883	0 0 1600 900		0		1		true	Work/Industries migration review or internal archive	Medium—generated, experimental, or dynamically referenced assets require manual review	771de1e27bd8e5cda7d7d6b7412685b82219d02391b989e03cd6035b18da64ad
public/assets/showcase/source/06-industrial.svg	/assets/showcase/source/06-industrial.svg	image	1315446	0 0 1600 900		0		1		true	Work/Industries migration review or internal archive	Medium—generated, experimental, or dynamically referenced assets require manual review	7a15890cb566885622965668c12fd211612f8cf598320cd545b07023c56d48bf
public/assets/showcase/source/07-transport.svg	/assets/showcase/source/07-transport.svg	image	1186272	0 0 1600 900		0		1		true	Work/Industries migration review or internal archive	Medium—generated, experimental, or dynamically referenced assets require manual review	cb82bfa88cdea189330ad5781e0d835df2a17cc00ac55925f626e8e48748725c
public/assets/showcase/source/08-hvac-field-service.svg	/assets/showcase/source/08-hvac-field-service.svg	image	1022538	0 0 1600 900		0		1		true	Work/Industries migration review or internal archive	Medium—generated, experimental, or dynamically referenced assets require manual review	cfcafe629a49cffa1de8ca55df3f27018d0d62c58fab8ccf8b7d910f72832147
public/assets/showcase/velari-animos-final-v2.zip	/assets/showcase/velari-animos-final-v2.zip	archive	8608319			0		2		true	Work/Industries migration review or internal archive	Medium—generated, experimental, or dynamically referenced assets require manual review	250707270351fd528ade69bd4e075b391b5987adbe3ea92f0c79fe8c3c2f90e6
public/assets/showcase/velari-animos-nine-final.zip	/assets/showcase/velari-animos-nine-final.zip	archive	8608319			0		2		true	Work/Industries migration review or internal archive	Medium—generated, experimental, or dynamically referenced assets require manual review	250707270351fd528ade69bd4e075b391b5987adbe3ea92f0c79fe8c3c2f90e6
public/assets/showcase/velari-animos-panels-diverse.zip	/assets/showcase/velari-animos-panels-diverse.zip	archive	3073884			0		1		true	Work/Industries migration review or internal archive	Medium—generated, experimental, or dynamically referenced assets require manual review	fe88a86d25998a102196fe80df92f16c289e4d27d98bd101e06b0e60e9bed040
public/assets/showcase/velari-animos-panels-tunnel-ready.zip	/assets/showcase/velari-animos-panels-tunnel-ready.zip	archive	3604849			0		1		true	Work/Industries migration review or internal archive	Medium—generated, experimental, or dynamically referenced assets require manual review	1634423fc843ca9c2998e571de6f15146e99dfab3e3896fe18c3600cae03e532
public/assets/showcase/velari-animos-panels-tunnel-ready/01-property-single-panel.png	/assets/showcase/velari-animos-panels-tunnel-ready/01-property-single-panel.png	image	468673	1600x900		0		2		true	Work/Industries migration review or internal archive	Medium—generated, experimental, or dynamically referenced assets require manual review	ad9449c7c91ffffc4ee149b4497d3f70b1526865ecd9cba83fb9bb7849d37f9e
public/assets/showcase/velari-animos-panels-tunnel-ready/02-dental-single-panel.png	/assets/showcase/velari-animos-panels-tunnel-ready/02-dental-single-panel.png	image	295217	1600x900		0		2		true	Work/Industries migration review or internal archive	Medium—generated, experimental, or dynamically referenced assets require manual review	53df9570067f3e5d88a7b9af7372963c3a47c71953c4ece8db834f3129ed884b
public/assets/showcase/velari-animos-panels-tunnel-ready/03-restaurant-single-panel.png	/assets/showcase/velari-animos-panels-tunnel-ready/03-restaurant-single-panel.png	image	406658	1600x900		0		2		true	Work/Industries migration review or internal archive	Medium—generated, experimental, or dynamically referenced assets require manual review	7dca4260d32a4432a52884df1b19b7ccc7556b696fd988e74eebcedb1d712f6c
public/assets/showcase/velari-animos-panels-tunnel-ready/04-plumbing-single-panel.png	/assets/showcase/velari-animos-panels-tunnel-ready/04-plumbing-single-panel.png	image	526750	1600x900		0		2		true	Work/Industries migration review or internal archive	Medium—generated, experimental, or dynamically referenced assets require manual review	2ecb9ec5326a55733e2bba06088d88cb3247d9cd20f2fbf04ae9cb8ab157fdb7
public/assets/showcase/velari-animos-panels-tunnel-ready/05-electrical-single-panel.png	/assets/showcase/velari-animos-panels-tunnel-ready/05-electrical-single-panel.png	image	466650	1600x900		0		2		true	Work/Industries migration review or internal archive	Medium—generated, experimental, or dynamically referenced assets require manual review	183098b0f377580627f430a2dd4eea0a78e0ae024cdc4cd84e595fae4a5e6e71
public/assets/showcase/velari-animos-panels-tunnel-ready/06-industrial-single-panel.png	/assets/showcase/velari-animos-panels-tunnel-ready/06-industrial-single-panel.png	image	572948	1600x900		0		2		true	Work/Industries migration review or internal archive	Medium—generated, experimental, or dynamically referenced assets require manual review	6d31bb6da811428714f220bf1ac5fdfdc04601786c6b50e7e564ca1efae13a98
public/assets/showcase/velari-animos-panels-tunnel-ready/07-transport-single-panel.png	/assets/showcase/velari-animos-panels-tunnel-ready/07-transport-single-panel.png	image	464128	1600x900		0		2		true	Work/Industries migration review or internal archive	Medium—generated, experimental, or dynamically referenced assets require manual review	c0952bbccf3f1374f015bc38ff3befad552d08947b09fd382a1d60abb8173a40
public/assets/showcase/velari-animos-panels-tunnel-ready/08-hvac-single-panel.png	/assets/showcase/velari-animos-panels-tunnel-ready/08-hvac-single-panel.png	image	416621	1600x900		0		2		true	Work/Industries migration review or internal archive	Medium—generated, experimental, or dynamically referenced assets require manual review	3cd737364427e0e6e71e1f174cd0726dc21afe706059e9d6706908f3c53da4d5
public/assets/showcase/velari-animos-panels-v1-clean.zip	/assets/showcase/velari-animos-panels-v1-clean.zip	archive	3610410			0		1		true	Work/Industries migration review or internal archive	Medium—generated, experimental, or dynamically referenced assets require manual review	7c6c1eb7e427dbf24136e4c25c1b97f6909e85ae153026c1132160e62cbdd504
public/assets/showcase/velari-animos-panels-v1.zip	/assets/showcase/velari-animos-panels-v1.zip	archive	3616436			0		1		true	Work/Industries migration review or internal archive	Medium—generated, experimental, or dynamically referenced assets require manual review	9330840e29460f9f9e3e0bb8c02b262368da2847b4610e72129d34830de17628
public/assets/showcase/velari-animos-panels-v2-clean.zip	/assets/showcase/velari-animos-panels-v2-clean.zip	archive	3636562			0		1		true	Work/Industries migration review or internal archive	Medium—generated, experimental, or dynamically referenced assets require manual review	2ad5903d4e21aae12ab495a43cf5d3c181bd58b3fc2a2161a35ca3141583d9f4
public/assets/v4/mascot/3d/v0.1/README.md	/assets/v4/mascot/3d/v0.1/README.md	md	1645			0		1		true	Review during owning component migration	Medium—generated, experimental, or dynamically referenced assets require manual review	d4149627308b68355380d193dc876de47a2e17ea5c791d9988ca2a4a28ad8776
public/assets/v4/mascot/3d/v0.1/build_mascot.py	/assets/v4/mascot/3d/v0.1/build_mascot.py	py	16686			0		1		true	Review during owning component migration	Medium—generated, experimental, or dynamically referenced assets require manual review	0ee74094201b1da1547533c96194b0c73ebb1c79ac7e3ff4f46badfbb630a63a
public/assets/v4/mascot/3d/v0.1/render-front.png	/assets/v4/mascot/3d/v0.1/render-front.png	image	810284	800x1000		0		1		true	Review during owning component migration	Medium—generated, experimental, or dynamically referenced assets require manual review	9621fa817df57a1a618c9934ebbeeb2f14fe6693934c34c5a71764f6314524c3
public/assets/v4/mascot/3d/v0.1/render-side.png	/assets/v4/mascot/3d/v0.1/render-side.png	image	676735	800x1000		0		1		true	Review during owning component migration	Medium—generated, experimental, or dynamically referenced assets require manual review	a9fbac3fe55879d8634e7d5b7c76333a02dd73a5cee770db0351572f37174181
public/assets/v4/mascot/3d/v0.1/render-three-quarter.png	/assets/v4/mascot/3d/v0.1/render-three-quarter.png	image	783389	800x1000		0		1		true	Review during owning component migration	Medium—generated, experimental, or dynamically referenced assets require manual review	56187729e12147927317f1ddc8bd80ad5e35ec556852609ea7a637a4b781e032
public/assets/v4/mascot/3d/v0.1/velari-mascot-v0.1-source.blend	/assets/v4/mascot/3d/v0.1/velari-mascot-v0.1-source.blend	blend	297175			0		1		true	Review during owning component migration	Medium—generated, experimental, or dynamically referenced assets require manual review	98eca95a5fe8ee87190a7ebc9e5bb043f5a79de50d30fb91afd79c8971820acf
public/assets/v4/mascot/3d/v0.1/velari-mascot-v0.1-web.glb	/assets/v4/mascot/3d/v0.1/velari-mascot-v0.1-web.glb	3d	1370368			0		1		true	Review during owning component migration	Medium—generated, experimental, or dynamically referenced assets require manual review	86940d4eeaec0da857d93d127c5a3740923eefc7a3fcf87d0bb852c769d00955
public/assets/v4/mascot/3d/v0.2/README.md	/assets/v4/mascot/3d/v0.2/README.md	md	1194			0		1		true	Review during owning component migration	Medium—generated, experimental, or dynamically referenced assets require manual review	938b39e663523004e3c0007d2eae12d315f0f68ffa95a4a2d3a29e02346b0925
public/assets/v4/mascot/3d/v0.2/build_mascot.py	/assets/v4/mascot/3d/v0.2/build_mascot.py	py	21224			0		1		true	Review during owning component migration	Medium—generated, experimental, or dynamically referenced assets require manual review	dd0d5adfef672ac82ff4be25bddcbeadba8021644f3ddfb89325100a1366e590
public/assets/v4/mascot/3d/v0.2/render-front.png	/assets/v4/mascot/3d/v0.2/render-front.png	image	932876	800x1000		0		1		true	Review during owning component migration	Medium—generated, experimental, or dynamically referenced assets require manual review	cefb6eda82fffd67a0203ed1c6e4ebf376fefaf9447c273a32d070e2b61aa884
public/assets/v4/mascot/3d/v0.2/render-side.png	/assets/v4/mascot/3d/v0.2/render-side.png	image	886150	800x1000		0		1		true	Review during owning component migration	Medium—generated, experimental, or dynamically referenced assets require manual review	7f08cb1badc82629959cf77fb51ce7d7049b29eca1ddde4ff1134ffdbc314c41
public/assets/v4/mascot/3d/v0.2/render-three-quarter.png	/assets/v4/mascot/3d/v0.2/render-three-quarter.png	image	915450	800x1000		0		1		true	Review during owning component migration	Medium—generated, experimental, or dynamically referenced assets require manual review	3850b71a66c0c67999fd486f57ce99de11b4ccc90667acfdd813aacd29f21041
public/assets/v4/mascot/3d/v0.2/velari-mascot-v0.2-source.blend	/assets/v4/mascot/3d/v0.2/velari-mascot-v0.2-source.blend	blend	990144			0		1		true	Review during owning component migration	Medium—generated, experimental, or dynamically referenced assets require manual review	1c0ff67812d4e95829064e0a0484e51f6bdd0927fdd19faec74d12f8e325f09c
public/assets/v4/mascot/3d/v0.2/velari-mascot-v0.2-web.glb	/assets/v4/mascot/3d/v0.2/velari-mascot-v0.2-web.glb	3d	1586376			0		1		true	Review during owning component migration	Medium—generated, experimental, or dynamically referenced assets require manual review	644efc92957a2f1197d625f7ffc51263c171a500fb2f72f08ac8c2c6d63f05c0
public/assets/v4/mascot/3d/v0.3/README.md	/assets/v4/mascot/3d/v0.3/README.md	md	1028			0		1		true	Review during owning component migration	Medium—generated, experimental, or dynamically referenced assets require manual review	720d1e5d11721001c2579965c27c0517b73f98859602dd617af83cc46d064f17
public/assets/v4/mascot/3d/v0.3/build_mascot.py	/assets/v4/mascot/3d/v0.3/build_mascot.py	py	19840			0		1		true	Review during owning component migration	Medium—generated, experimental, or dynamically referenced assets require manual review	5e99d8eef7fa9d3330b067726503219e5abf71db27136d72e908921d7b2fcacc
public/assets/v4/mascot/3d/v0.3/render-front.png	/assets/v4/mascot/3d/v0.3/render-front.png	image	851115	800x1000		0		1		true	Review during owning component migration	Medium—generated, experimental, or dynamically referenced assets require manual review	1c6d9da8ade863cc62b9cb4bb72e3c62e5fc7de653cc928303ae65196ec560b0
public/assets/v4/mascot/3d/v0.3/render-side.png	/assets/v4/mascot/3d/v0.3/render-side.png	image	810914	800x1000		0		1		true	Review during owning component migration	Medium—generated, experimental, or dynamically referenced assets require manual review	b8db9e146b782cb6183363b51a52726b9171aea14c7ceffea08b41e6185da78a
public/assets/v4/mascot/3d/v0.3/render-three-quarter.png	/assets/v4/mascot/3d/v0.3/render-three-quarter.png	image	836006	800x1000		0		1		true	Review during owning component migration	Medium—generated, experimental, or dynamically referenced assets require manual review	0b70be669f0c2d2cb8ace642d753be587167ea93fe18768552667cd395b848f3
public/assets/v4/mascot/3d/v0.3/velari-mascot-v0.3-source.blend	/assets/v4/mascot/3d/v0.3/velari-mascot-v0.3-source.blend	blend	524889			0		1		true	Review during owning component migration	Medium—generated, experimental, or dynamically referenced assets require manual review	33277fa07bd4962fbda67619a97a220a0b687068ab7b1f3c67fec02d3e051a18
public/assets/v4/mascot/3d/v0.3/velari-mascot-v0.3-web.glb	/assets/v4/mascot/3d/v0.3/velari-mascot-v0.3-web.glb	3d	1159960			0		1		true	Review during owning component migration	Medium—generated, experimental, or dynamically referenced assets require manual review	0dbaaefa49392dfd301d0a22c6c747bd18dde87741e50a7604947b84b3eae876
public/assets/v4/mascot/README.md	/assets/v4/mascot/README.md	md	2396			0		1		true	Review during owning component migration	Medium—generated, experimental, or dynamically referenced assets require manual review	0760efad2878011b7c9b4763863d6c79f46967927eb77412a7d9c39f6ae3f3fa
public/assets/v4/mascot/references/velari-mascot-side-v2-approved-provisional.png	/assets/v4/mascot/references/velari-mascot-side-v2-approved-provisional.png	image	2017295	1024x1536		0		1		true	Review during owning component migration	Medium—generated, experimental, or dynamically referenced assets require manual review	ec426d89988e732e56a3e8b775161c1f0263cdbe5363f90d04c7d3bde7430ed3
public/assets/v4/mascot/velari-mascot-base-v1.png	/assets/v4/mascot/velari-mascot-base-v1.png	image	2361573	1024x1536		0		1		true	Review during owning component migration	Medium—generated, experimental, or dynamically referenced assets require manual review	839c3e35649bd46472331b07f109e5b83279bb3acbebad714217c10c6e7b5377
public/assets/v4/mascot/velari-mascot-base-v2-candidate.png	/assets/v4/mascot/velari-mascot-base-v2-candidate.png	image	2273212	1024x1536		0		2		true	Review during owning component migration	Medium—generated, experimental, or dynamically referenced assets require manual review	0686a5ce00f00f971e526437ab8ad5ecf2be3fe8d1674e16b6993a3e03572efd
public/assets/v4/mascot/velari-mascot-base-v2.png	/assets/v4/mascot/velari-mascot-base-v2.png	image	2273212	1024x1536		0		2		true	Review during owning component migration	Medium—generated, experimental, or dynamically referenced assets require manual review	0686a5ce00f00f971e526437ab8ad5ecf2be3fe8d1674e16b6993a3e03572efd
public/assets/v4/mascot/velari-mascot-turnaround-v1.png	/assets/v4/mascot/velari-mascot-turnaround-v1.png	image	1962498	1774x887		0		1		true	Review during owning component migration	Medium—generated, experimental, or dynamically referenced assets require manual review	fe0d8c7d1508e0b10940192573166173a485738a083df7f5c023aecc670c8895
public/concepts/property/index.html	/concepts/property/index.html	html	6723			1	src/components/homepage/ShowcaseTunnelSection.tsx	1		false	Legacy concept compatibility until Work redirects activate	High	187159050fc170c39df4d29245cde371024323dc859923f610beb5511de340e7
public/concepts/property/property.css	/concepts/property/property.css	css	17814			1	public/concepts/property/index.html	1		false	Legacy concept compatibility until Work redirects activate	High	03761f2a618dabcb9626cf8b4e2e094b1c565161a21b521f5a5e4b8837fbe5ea
public/concepts/studio/index.html	/concepts/studio/index.html	html	480			1	src/components/homepage/ShowcaseTunnelSection.tsx	1		false	Legacy concept compatibility until Work redirects activate	High	29ae5913acd1548904a0ddf17543643fb8d8ec51ba7ad562ebdcd4535701d80b
public/concepts/studio/studio.css	/concepts/studio/studio.css	css	20534			1	public/concepts/studio/index.html	1		false	Legacy concept compatibility until Work redirects activate	High	94b703a2bfc3de32d6ae894dbca20900c556e52e37d6e3cc4e8573c7bc5548c6
public/concepts/studio/studio.js	/concepts/studio/studio.js	javascript	10669			1	public/concepts/studio/index.html	1		false	Legacy concept compatibility until Work redirects activate	High	8e884e0eea8ec7da6198d521b22e4056462d97c615d8cef9e1beb8c4686081cf
public/fonts/geist-mono-400.woff2	/fonts/geist-mono-400.woff2	font	12792			3	src/index.css;public/concepts/property/property.css;public/concepts/studio/studio.css	2		false	Review during owning component migration	High	6b2e3719a213e34cc043760e5a5b420d4067f477dfe06b92ef3c9fd914192dd4
public/fonts/instrument-sans-400.woff2	/fonts/instrument-sans-400.woff2	font	16860			3	src/index.css;public/concepts/property/property.css;public/concepts/studio/studio.css	2		false	Review during owning component migration	High	9a91efaa3599a6ef01b2f49e9ec670e3a2f39baeef09c73198f1052cf3bb0850
public/fonts/instrument-sans-500.woff2	/fonts/instrument-sans-500.woff2	font	17232			3	src/index.css;public/concepts/property/property.css;public/concepts/studio/studio.css	2		false	Review during owning component migration	High	9d3547da16d950d12a677c772a3ff9b69846e60e7dcd1b5efd540993f7286532
public/fonts/instrument-sans-italic-400.woff2	/fonts/instrument-sans-italic-400.woff2	font	17748			1	src/index.css	2		false	Review during owning component migration	High	b089ac6fca39eb8d49d166db9e33574fb891223cfa5d63b3b3be1668f1cfe28b
public/fonts/instrument-sans-italic-500.woff2	/fonts/instrument-sans-italic-500.woff2	font	18348			1	src/index.css	2		false	Review during owning component migration	High	02007805cd77359a5da5c76dda8b8a02e164f5e49d0971a7e17035986b214159
public/sfbay_4k.png	/sfbay_4k.png	image	8829060	4096x1575		0		1	Review OSM/USGS attribution; current footer credits both sources	true	Review during owning component migration	Medium—generated, experimental, or dynamically referenced assets require manual review	97c20dd1d3828943d82ae673b8f076712d561c236e98d14d70208c63d1de60a5
public/sfbay_4k_v2.png	/sfbay_4k_v2.png	image	19035519	6336x2688		0		2	Review OSM/USGS attribution; current footer credits both sources	true	Review during owning component migration	Medium—generated, experimental, or dynamically referenced assets require manual review	b40bddcc3b6282e2b6b74c3098a92622c06d35e3b097b2eb2872991b5327c80b
public/vite.svg	/vite.svg	image	1497	0 0 256 257		0		1		true	Review during owning component migration	Medium—generated, experimental, or dynamically referenced assets require manual review	4a748afd443918bb16591c834c401dae33e87861ab5dbad0811c3a3b4a9214fb
